{"cameraMode":{"drawMode":0,"name":"Shaded","section":"Shading Mode"},"sceneLighting":true,"audioPlay":false,"sceneViewState":{"m_AlwaysRefresh":false,"showFog":true,"showSkybox":true,"showFlares":true,"showImageEffects":true,"showParticleSystems":true,"showVisualEffectGraphs":true,"m_FxEnabled":true},"in2DMode":false,"pivot":{"x":3.111630916595459,"y":1.8265252113342286,"z":-2.148137092590332},"rotation":{"x":0.26671233773231509,"y":0.011564974673092366,"z":-0.00320070399902761,"w":0.9637016654014587},"size":11.008197784423829,"orthographic":true}